1,Rooney,Mollison,rmollison0@phoca.cz,M
2,Armstrong,Correa,acorrea1@facebook.com,M
3,Gray,Wherton,gwherton2@fastcompany.com,M
4,Winonah,Blouet,wblouet3@vkontakte.ru,F
5,Hi,Mammatt,hmammatt4@sina.com.cn,M
6,Lorelei,Gettins,lgettins5@wikia.com,F
7,Cobb,Brockwell,cbrockwell6@apache.org,M
8,Parrnell,Cavy,pcavy7@japanpost.jp,M
9,Kaylyn,Markus,kmarkus8@ezinearticles.com,F
10,Johnna,Levene,jlevene9@hhs.gov,F
11,Karlotte,Gameson,kgamesona@tinypic.com,F
12,Silvan,Westmore,swestmoreb@disqus.com,M
13,Marmaduke,Servant,mservantc@usgs.gov,M
14,Bambie,Mephan,bmephand@fema.gov,F
15,Harwell,Citrine,hcitrinee@oracle.com,M
16,Kermy,Kitchingman,kkitchingmanf@scientificamerican.com,M
17,Lora,Bonnick,lbonnickg@t-online.de,F
18,Reider,Granville,rgranvilleh@pagesperso-orange.fr,M
19,Ryley,Gaze,rgazei@tripod.com,M
20,Gaston,Brazenor,gbrazenorj@stanford.edu,M
21,Ingunna,Lenden,ilendenk@home.pl,F
22,Miles,Penvarden,mpenvardenl@ucla.edu,M
23,Goldia,Patrick,gpatrickm@blogs.com,F
24,Patrice,McGarel,pmcgareln@phpbb.com,M
25,Hillary,Deane,hdeaneo@ox.ac.uk,M
26,Lars,Powe,lpowep@patch.com,M
27,Ram,Starking,rstarkingq@ibm.com,M
28,Conway,Borwick,cborwickr@aboutads.info,M
29,Gina,Joskovitch,gjoskovitchs@free.fr,F
30,Steffen,Kelk,skelkt@homestead.com,M
31,Carleen,Boog,cboogu@altervista.org,F
32,Phip,Spolton,pspoltonv@constantcontact.com,M
33,Marielle,Fearenside,mfearensidew@phpbb.com,F
34,Rubina,Wilsher,rwilsherx@google.com.br,F
35,Kordula,Riccardini,kriccardiniy@taobao.com,F
36,Andreas,Gorhardt,agorhardtz@rambler.ru,M
37,Finlay,Dorney,fdorney10@homestead.com,M
38,Dorisa,McClosh,dmcclosh11@barnesandnoble.com,F
39,Kennett,Phelipeau,kphelipeau12@typepad.com,M
40,Melony,Torrijos,mtorrijos13@ucoz.ru,F
41,Walther,Tarling,wtarling14@facebook.com,M
42,Odey,Chandler,ochandler15@wikipedia.org,M
43,Hanny,Chill,hchill16@hexun.com,F
44,Torie,Bellworthy,tbellworthy17@irs.gov,F
45,Malena,Mugford,mmugford18@blog.com,F
46,Armstrong,Broom,abroom19@comsenz.com,M
47,Lettie,Kalf,lkalf1a@cmu.edu,F
48,Bev,Lacotte,blacotte1b@themeforest.net,F
49,Jethro,Pyson,jpyson1c@shutterfly.com,M
50,Jude,Lindholm,jlindholm1d@google.com,M
51,Modestia,Lethabridge,mlethabridge1e@github.com,F
52,Fair,Ainley,fainley1f@printfriendly.com,M
53,Wilek,Mungham,wmungham1g@prlog.org,M
54,Tadd,Acarson,tacarson1h@163.com,M
55,Averil,Carnduff,acarnduff1i@blogtalkradio.com,F
56,Ignace,Tuma,ituma1j@t-online.de,M
57,Lavinia,Endley,lendley1k@zimbio.com,F
58,Nicolis,Gamet,ngamet1l@uiuc.edu,M
59,Kylila,Geyton,kgeyton1m@psu.edu,F
60,Leoine,Madsen,lmadsen1n@reuters.com,F
61,Adolph,Wardroper,awardroper1o@constantcontact.com,M
62,Harli,Ollier,hollier1p@tumblr.com,F
63,Armin,Pleming,apleming1q@pbs.org,M
64,Anne-marie,Sealeaf,asealeaf1r@myspace.com,F
65,Petey,Sinnocke,psinnocke1s@hexun.com,M
66,Emiline,Tolchar,etolchar1t@ning.com,F
67,Mattie,Boullen,mboullen1u@washington.edu,F
68,Janifer,Vanichkov,jvanichkov1v@psu.edu,F
69,Patten,Ingleston,pingleston1w@usgs.gov,M
70,Stormie,Robatham,srobatham1x@canalblog.com,F
71,Rennie,Rizzello,rrizzello1y@4shared.com,F
72,Susan,Haycox,shaycox1z@opera.com,F
73,Kathrine,Salamon,ksalamon20@umn.edu,F
74,Ewart,Philcox,ephilcox21@berkeley.edu,M
75,Jakie,Deverille,jdeverille22@hao123.com,M
76,Elfie,Tunesi,etunesi23@plala.or.jp,F
77,Emyle,Huws,ehuws24@gnu.org,F
78,Davy,Cornforth,dcornforth25@wp.com,M
79,Barry,Achurch,bachurch26@tinyurl.com,M
80,Lorenza,Deeves,ldeeves27@cnet.com,F
81,Andonis,Bartalini,abartalini28@comcast.net,M
82,Ketty,Landers,klanders29@bluehost.com,F
83,Lenore,Hay,lhay2a@theatlantic.com,F
84,Cherey,Southward,csouthward2b@reverbnation.com,F
85,Keslie,Boustred,kboustred2c@umn.edu,F
86,Donnie,Sambath,dsambath2d@cafepress.com,M
87,Masha,Jozsika,mjozsika2e@weebly.com,F
88,Ginnifer,Cheke,gcheke2f@usnews.com,F
89,Lisabeth,Alvy,lalvy2g@exblog.jp,F
90,Nanice,Dumbare,ndumbare2h@sciencedirect.com,F
91,Sanson,Murtell,smurtell2i@cdbaby.com,M
92,Sheeree,Lorryman,slorryman2j@abc.net.au,F
93,Issie,Burras,iburras2k@merriam-webster.com,F
94,Calv,Crambie,ccrambie2l@nba.com,M
95,Rani,Ledeker,rledeker2m@cbslocal.com,F
96,Fairlie,Thorns,fthorns2n@goodreads.com,M
97,Zelma,Raubenheim,zraubenheim2o@home.pl,F
98,Dion,Haggarty,dhaggarty2p@a8.net,F
99,Corny,Gong,cgong2q@house.gov,M
100,Klarika,Prahm,kprahm2r@amazon.de,F
101,Terrel,Fabb,tfabb2s@prlog.org,M
102,Lily,Balasini,lbalasini2t@rambler.ru,F
103,Pepillo,Wisher,pwisher2u@last.fm,M
104,Anne-corinne,Leith-Harvey,aleithharvey2v@umn.edu,F
105,Napoleon,Wheeliker,nwheeliker2w@army.mil,M
106,Elvin,Chadderton,echadderton2x@acquirethisname.com,M
107,Aristotle,Haker,ahaker2y@geocities.jp,M
108,Dalia,Sleightholm,dsleightholm2z@opera.com,F
109,Tedd,Garfirth,tgarfirth30@mit.edu,M
110,Maxwell,Noriega,mnoriega31@cnet.com,M
111,Odetta,Kiledal,okiledal32@mozilla.com,F
112,Melamie,Hames,mhames33@desdev.cn,F
113,Horten,Guite,hguite34@un.org,M
114,Vania,Weblin,vweblin35@vkontakte.ru,F
115,Carrie,Durbin,cdurbin36@mtv.com,F
116,Egbert,Choffin,echoffin37@hexun.com,M
117,Remy,Santon,rsanton38@mtv.com,F
118,Hermine,Eales,heales39@gizmodo.com,F
119,Nathanael,Buxam,nbuxam3a@ow.ly,M
120,Dennie,Keunemann,dkeunemann3b@smugmug.com,M
121,Maurizia,Gooden,mgooden3c@edublogs.org,F
122,Aristotle,Bracey,abracey3d@time.com,M
123,Dewitt,Morsom,dmorsom3e@simplemachines.org,M
124,Saxon,Nanelli,snanelli3f@last.fm,M
125,Marlyn,Duligall,mduligall3g@washingtonpost.com,F
126,Harlin,Ashcroft,hashcroft3h@dagondesign.com,M
127,Kalil,Leger,kleger3i@zdnet.com,M
128,Brewer,Winton,bwinton3j@blogger.com,M
129,Nathalia,Folks,nfolks3k@gravatar.com,F
130,Sisely,Peacey,speacey3l@tuttocitta.it,F
131,Ogdan,Leal,oleal3m@friendfeed.com,M
132,Yorgo,Strand,ystrand3n@timesonline.co.uk,M
133,Lennie,Ost,lost3o@elegantthemes.com,M
134,Tomaso,Cuniffe,tcuniffe3p@cocolog-nifty.com,M
135,Alisander,Spinks,aspinks3q@topsy.com,M
136,Lief,Laban,llaban3r@angelfire.com,M
137,Vally,Truitt,vtruitt3s@tmall.com,F
138,Kristy,Delagua,kdelagua3t@pcworld.com,F
139,Arni,Greenstead,agreenstead3u@feedburner.com,M
140,Anne-corinne,Nugent,anugent3v@ed.gov,F
141,Trenna,Gaymar,tgaymar3w@cnbc.com,F
142,Ira,Dudson,idudson3x@apple.com,M
143,Padraic,Bauer,pbauer3y@webmd.com,M
144,Sherri,Kirmond,skirmond3z@mediafire.com,F
145,Godfry,Fausch,gfausch40@ask.com,M
146,Erastus,Winckle,ewinckle41@freewebs.com,M
147,Demetria,Krysztofiak,dkrysztofiak42@blogger.com,F
148,Giovanna,Blaxall,gblaxall43@ustream.tv,F
149,Borden,Meriot,bmeriot44@51.la,M
150,Hillary,Stanhope,hstanhope45@mozilla.com,M
151,Jeralee,Chuney,jchuney46@smh.com.au,F
152,Fanni,Kuhne,fkuhne47@shareasale.com,F
153,Kristan,Izzatt,kizzatt48@nature.com,F
154,Hy,Manshaw,hmanshaw49@nydailynews.com,M
155,Tibold,Osipov,tosipov4a@mit.edu,M
156,Klarika,Fancutt,kfancutt4b@independent.co.uk,F
157,Clarabelle,Corcut,ccorcut4c@engadget.com,F
158,Porter,Bugg,pbugg4d@acquirethisname.com,M
159,Larry,Meeron,lmeeron4e@google.com.br,M
160,Reginauld,Peres,rperes4f@cam.ac.uk,M
161,Auberta,Mallaby,amallaby4g@e-recht24.de,F
162,Ari,Drinkhill,adrinkhill4h@xing.com,M
163,Simon,Henrot,shenrot4i@harvard.edu,M
164,Abbey,Ealles,aealles4j@creativecommons.org,M
165,Jody,Reding,jreding4k@prlog.org,M
166,Geoffrey,Whale,gwhale4l@dyndns.org,M
167,Markus,Donet,mdonet4m@webs.com,M
168,Dedra,Stener,dstener4n@noaa.gov,F
169,Harriett,Sellen,hsellen4o@163.com,F
170,Joann,Caudell,jcaudell4p@google.de,F
171,Hewett,Pickrill,hpickrill4q@addtoany.com,M
172,Ilaire,Juan,ijuan4r@statcounter.com,M
173,Barrett,Kilmaster,bkilmaster4s@imdb.com,M
174,Ciro,Roles,croles4t@wired.com,M
175,Neddy,Osgerby,nosgerby4u@scribd.com,M
176,Bryon,Raiman,braiman4v@nps.gov,M
177,Harald,Wrankling,hwrankling4w@wiley.com,M
178,Willyt,Akister,wakister4x@bbc.co.uk,F
179,Lion,Hanvey,lhanvey4y@toplist.cz,M
180,Diena,Grelik,dgrelik4z@google.cn,F
181,Brenna,Symcoxe,bsymcoxe50@dedecms.com,F
182,Tandi,Berks,tberks51@upenn.edu,F
183,Hayden,Labrow,hlabrow52@smh.com.au,M
184,Marcellus,MacConnal,mmacconnal53@home.pl,M
185,Astra,Bartoshevich,abartoshevich54@google.es,F
186,Anabal,Caspell,acaspell55@wunderground.com,F
187,Belle,Pendered,bpendered56@instagram.com,F
188,Vinny,Nevett,vnevett57@statcounter.com,M
189,Dmitri,Thorley,dthorley58@symantec.com,M
190,Margy,O'Towey,motowey59@blogtalkradio.com,F
191,Maiga,Scimoni,mscimoni5a@zimbio.com,F
192,Broddy,Yakovlev,byakovlev5b@cargocollective.com,M
193,Kaspar,Yonnie,kyonnie5c@cnet.com,M
194,Leta,Whichelow,lwhichelow5d@free.fr,F
195,Dania,Hendren,dhendren5e@cdbaby.com,F
196,Jacki,Oxborough,joxborough5f@psu.edu,F
197,Mace,Dannel,mdannel5g@smugmug.com,M
198,Bucky,Rase,brase5h@e-recht24.de,M
199,Hilde,Carhart,hcarhart5i@phpbb.com,F
200,Lainey,Blare,lblare5j@china.com.cn,F
201,Humfrey,Repp,hrepp5k@businessweek.com,M
202,Ginelle,Kenaway,gkenaway5l@shareasale.com,F
203,Letizia,Akess,lakess5m@1und1.de,F
204,Sigrid,Du Barry,sdubarry5n@squarespace.com,F
205,Anitra,McGlaud,amcglaud5o@miitbeian.gov.cn,F
206,Giusto,Mannock,gmannock5p@psu.edu,M
207,Zandra,Fitch,zfitch5q@netlog.com,F
208,Issie,Bowland,ibowland5r@bluehost.com,F
209,Alissa,Sowte,asowte5s@google.pl,F
210,Lillian,Venner,lvenner5t@ifeng.com,F
211,Armstrong,Tregian,atregian5u@mysql.com,M
212,Farr,Baskeyfied,fbaskeyfied5v@umich.edu,M
213,Maxine,Villar,mvillar5w@ezinearticles.com,F
214,Montgomery,Gateland,mgateland5x@sitemeter.com,M
215,Cyb,Timlett,ctimlett5y@skype.com,F
216,Riordan,Leverich,rleverich5z@ebay.co.uk,M
217,Alejoa,Haylett,ahaylett60@wufoo.com,M
218,Damaris,Worcester,dworcester61@gravatar.com,F
219,Aviva,Biddleston,abiddleston62@washington.edu,F
220,Travis,Beavon,tbeavon63@gmpg.org,M
221,Antoine,Lyddy,alyddy64@google.de,M
222,Thurstan,Ferdinand,tferdinand65@yahoo.co.jp,M
223,Anjanette,Huggard,ahuggard66@microsoft.com,F
224,Doll,Dutnell,ddutnell67@theguardian.com,F
225,Alistair,Paeckmeyer,apaeckmeyer68@dropbox.com,M
226,Sigismond,Deport,sdeport69@tinypic.com,M
227,Jerome,Knox,jknox6a@ebay.co.uk,M
228,Lacey,Groomebridge,lgroomebridge6b@sina.com.cn,F
229,Bertram,Dwyr,bdwyr6c@amazon.de,M
230,Ransell,Jannequin,rjannequin6d@taobao.com,M
231,Bailey,Grisdale,bgrisdale6e@pen.io,M
232,Buddie,Routh,brouth6f@furl.net,M
233,Burnaby,Muneely,bmuneely6g@sohu.com,M
234,Henryetta,Hacun,hhacun6h@bloomberg.com,F
235,Evelina,Hooban,ehooban6i@ed.gov,F
236,Valery,Waslin,vwaslin6j@nymag.com,F
237,Salvatore,Flancinbaum,sflancinbaum6k@cnet.com,M
238,Eldon,FitzGibbon,efitzgibbon6l@smugmug.com,M
239,Agace,Stenet,astenet6m@army.mil,F
240,Bernete,Sherreard,bsherreard6n@wikispaces.com,F
241,Wren,Mattiuzzi,wmattiuzzi6o@mozilla.com,F
242,Wake,Gateshill,wgateshill6p@skyrock.com,M
243,Dael,Martinat,dmartinat6q@chron.com,M
244,Aleksandr,Sorel,asorel6r@unicef.org,M
245,Perceval,Juliff,pjuliff6s@google.ru,M
246,Raddie,Sollner,rsollner6t@disqus.com,M
247,Zelda,Mulqueeny,zmulqueeny6u@exblog.jp,F
248,Kalinda,Barkess,kbarkess6v@intel.com,F
249,Katalin,Walas,kwalas6w@i2i.jp,F
250,Lew,Garcia,lgarcia6x@biblegateway.com,M
251,Zuzana,Bandey,zbandey6y@over-blog.com,F
252,Gordan,Berthot,gberthot6z@tmall.com,M
253,Nona,Gradwell,ngradwell70@flickr.com,F
254,Lew,Eales,leales71@goo.ne.jp,M
255,Bruce,Parram,bparram72@cdc.gov,M
256,Breena,Dunkley,bdunkley73@weebly.com,F
257,Justinn,Swindin,jswindin74@360.cn,F
258,Katey,Gheorghescu,kgheorghescu75@t.co,F
259,Geoffry,Danser,gdanser76@google.de,M
260,Kassey,Yallop,kyallop77@merriam-webster.com,F
261,Gusti,Parkins,gparkins78@tumblr.com,F
262,Mathew,Dowdam,mdowdam79@ezinearticles.com,M
263,Arney,Larwood,alarwood7a@wikipedia.org,M
264,Dulce,Crosbie,dcrosbie7b@posterous.com,F
265,Kaylyn,Ashling,kashling7c@chronoengine.com,F
266,Tallulah,Wardroper,twardroper7d@usda.gov,F
267,Ella,Wadlow,ewadlow7e@shop-pro.jp,F
268,Dinah,Simpkins,dsimpkins7f@google.com.au,F
269,Odey,Klesel,oklesel7g@oracle.com,M
270,Sapphira,Stinchcombe,sstinchcombe7h@hao123.com,F
271,Linzy,Baxstair,lbaxstair7i@deliciousdays.com,F
272,Yetty,O'Gready,yogready7j@skyrock.com,F
273,Eba,Resdale,eresdale7k@techcrunch.com,F
274,Rudolfo,Elwell,relwell7l@nyu.edu,M
275,Killian,Craufurd,kcraufurd7m@taobao.com,M
276,Hogan,Withams,hwithams7n@bloomberg.com,M
277,Lennie,Alexis,lalexis7o@tinypic.com,M
278,Jacqueline,Bate,jbate7p@miitbeian.gov.cn,F
279,Hurleigh,Davis,hdavis7q@loc.gov,M
280,Donalt,Korba,dkorba7r@canalblog.com,M
281,Kellina,Garaghan,kgaraghan7s@cisco.com,F
282,Willa,McFarlane,wmcfarlane7t@ft.com,F
283,Minna,Borg-Bartolo,mborgbartolo7u@google.pl,F
284,Georas,Helder,ghelder7v@google.es,M
285,Morris,Bathurst,mbathurst7w@hud.gov,M
286,Jameson,Gerriet,jgerriet7x@sakura.ne.jp,M
287,Franky,Litterick,flitterick7y@nsw.gov.au,F
288,Harri,Marrian,hmarrian7z@independent.co.uk,F
289,Alis,Sexstone,asexstone80@uol.com.br,F
290,Alidia,Nolan,anolan81@theguardian.com,F
291,Sena,Edgington,sedgington82@wunderground.com,F
292,Mattheus,Mansbridge,mmansbridge83@sogou.com,M
293,Celestyn,Lates,clates84@people.com.cn,F
294,Hanson,Stanley,hstanley85@surveymonkey.com,M
295,Weider,Santori,wsantori86@blogtalkradio.com,M
296,Bartholomew,Stein,bstein87@latimes.com,M
297,Deni,Spaven,dspaven88@webeden.co.uk,F
298,Nancy,Gylle,ngylle89@irs.gov,F
299,Ringo,Stonelake,rstonelake8a@fc2.com,M
300,Basia,Boyson,bboyson8b@shareasale.com,F
301,Leupold,Perch,lperch8c@howstuffworks.com,M
302,Abrahan,Franzolini,afranzolini8d@va.gov,M
303,Lutero,Sherbrooke,lsherbrooke8e@howstuffworks.com,M
304,Coreen,Chastaing,cchastaing8f@home.pl,F
305,Alikee,Brandli,abrandli8g@hp.com,F
306,Trumaine,Guiver,tguiver8h@xinhuanet.com,M
307,Geraldine,Sowray,gsowray8i@wp.com,F
308,Ryun,Challoner,rchalloner8j@shinystat.com,M
309,Marijo,Kinnen,mkinnen8k@meetup.com,F
310,Silvie,Klewi,sklewi8l@storify.com,F
311,Gay,Robey,grobey8m@army.mil,M
312,Clarke,Kerwin,ckerwin8n@furl.net,M
313,Mata,Puttock,mputtock8o@cdc.gov,M
314,Adair,Aubrun,aaubrun8p@alexa.com,M
315,Derwin,Eye,deye8q@bing.com,M
316,Kaspar,Rowles,krowles8r@sciencedirect.com,M
317,Myrtie,Lymbourne,mlymbourne8s@youtube.com,F
318,Hobie,Bardsley,hbardsley8t@fda.gov,M
319,Bridie,Hantusch,bhantusch8u@vk.com,F
320,Randie,Cockman,rcockman8v@ifeng.com,M
321,Patrice,Copley,pcopley8w@marriott.com,F
322,Nikolaos,Greschik,ngreschik8x@jugem.jp,M
323,Allie,Espley,aespley8y@theguardian.com,M
324,Reinhold,Tuley,rtuley8z@e-recht24.de,M
325,Georgetta,Bayldon,gbayldon90@paginegialle.it,F
326,Chico,Tulleth,ctulleth91@abc.net.au,M
327,Patrice,Jillings,pjillings92@nba.com,M
328,Katy,Neggrini,kneggrini93@ifeng.com,F
329,Khalil,Barbie,kbarbie94@free.fr,M
330,Theda,Ferrarin,tferrarin95@cmu.edu,F
331,Reamonn,Allmen,rallmen96@technorati.com,M
332,Morie,Orred,morred97@mail.ru,M
333,Lauren,Highman,lhighman98@amazon.com,F
334,Hillel,Molineux,hmolineux99@adobe.com,M
335,Marlo,Beharrell,mbeharrell9a@phoca.cz,F
336,Bil,O'Fogarty,bofogarty9b@friendfeed.com,M
337,Mavis,Clarycott,mclarycott9c@abc.net.au,F
338,Katerine,Dinis,kdinis9d@storify.com,F
339,Burnard,Greswell,bgreswell9e@google.com.au,M
340,Norman,Tideswell,ntideswell9f@i2i.jp,M
341,Benni,Assinder,bassinder9g@comsenz.com,F
342,Jacki,Aicheson,jaicheson9h@nhs.uk,F
343,Cathee,Biaggioni,cbiaggioni9i@geocities.com,F
344,Leslie,Pearch,lpearch9j@nymag.com,F
345,Giffer,Girsch,ggirsch9k@gizmodo.com,M
346,Dame,Guillerman,dguillerman9l@ehow.com,M
347,Wolfgang,Moniker,wmoniker9m@ovh.net,M
348,Pearl,Sudlow,psudlow9n@skyrock.com,F
349,Ulrike,Leftly,uleftly9o@cafepress.com,F
350,Adrianne,O'Currine,aocurrine9p@xinhuanet.com,F
351,Yard,Tight,ytight9q@nydailynews.com,M
352,Madge,Gossipin,mgossipin9r@friendfeed.com,F
353,Fremont,Hargate,fhargate9s@typepad.com,M
354,Cherilynn,Gamett,cgamett9t@boston.com,F
355,Arty,Petken,apetken9u@howstuffworks.com,M
356,Marla,Clutram,mclutram9v@discuz.net,F
357,Barn,Crigin,bcrigin9w@about.me,M
358,Kelila,Moret,kmoret9x@seattletimes.com,F
359,Mathian,Imloch,mimloch9y@who.int,M
360,Kiri,St Leger,kstleger9z@prlog.org,F
361,Francis,Hoston,fhostona0@ebay.com,M
362,Naomi,Scrivinor,nscrivinora1@icq.com,F
363,Brantley,Packe,bpackea2@ftc.gov,M
364,Alejandro,Rivett,arivetta3@unblog.fr,M
365,Lyle,De Mico,ldemicoa4@bloglovin.com,M
366,Olav,Brake,obrakea5@psu.edu,M
367,Artus,Cunradi,acunradia6@dailymotion.com,M
368,Allis,O'Reagan,aoreagana7@netvibes.com,F
369,Celia,Rubinov,crubinova8@myspace.com,F
370,Marlyn,Marquiss,mmarquissa9@examiner.com,F
371,Leonanie,Berget,lbergetaa@facebook.com,F
372,Dallas,Peeters,dpeetersab@columbia.edu,M
373,Tally,Ilyunin,tilyuninac@auda.org.au,M
374,Armin,Gomar,agomarad@netscape.com,M
375,Orlan,O' Culligan,ooculliganae@cbsnews.com,M
376,Mehetabel,Shetliff,mshetliffaf@seattletimes.com,F
377,Issie,Greenhouse,igreenhouseag@engadget.com,F
378,Koenraad,Hixson,khixsonah@dmoz.org,M
379,Minna,Deme,mdemeai@hibu.com,F
380,Brody,Rodwell,brodwellaj@scribd.com,M
381,Eugenio,Anfossi,eanfossiak@auda.org.au,M
382,Hymie,Astridge,hastridgeal@nymag.com,M
383,Clevey,Petrichat,cpetrichatam@liveinternet.ru,M
384,Olly,Markovic,omarkovican@vimeo.com,F
385,Jobi,O'Dreain,jodreainao@sbwire.com,F
386,Gerda,Southard,gsouthardap@topsy.com,F
387,Annamaria,Wroe,awroeaq@typepad.com,F
388,Carissa,Bachanski,cbachanskiar@bing.com,F
389,Ernesto,Paolone,epaoloneas@netlog.com,M
390,Tracey,Samwaye,tsamwayeat@google.com.au,F
391,Adrian,Gobeau,agobeauau@va.gov,F
392,Cob,Cayle,ccayleav@nydailynews.com,M
393,Brooks,Middlewick,bmiddlewickaw@npr.org,M
394,Jermain,Seleway,jselewayax@angelfire.com,M
395,Janna,Cusiter,jcusiteray@e-recht24.de,F
396,Vin,Maylott,vmaylottaz@army.mil,M
397,Garvey,Blanko,gblankob0@amazonaws.com,M
398,Raymond,Wippermann,rwippermannb1@msn.com,M
399,Sheff,Folks,sfolksb2@bluehost.com,M
400,Marsha,Blazy,mblazyb3@cbc.ca,F
401,Kamilah,Manion,kmanionb4@cnet.com,F
402,Kiley,Petyanin,kpetyaninb5@earthlink.net,M
403,Gery,Pegden,gpegdenb6@paypal.com,M
404,Arly,Palfrey,apalfreyb7@comsenz.com,F
405,Frans,Ivashnyov,fivashnyovb8@nymag.com,M
406,Caria,Beeston,cbeestonb9@hubpages.com,F
407,Jone,MacGuffie,jmacguffieba@bloglines.com,M
408,Gasparo,Treadgall,gtreadgallbb@dedecms.com,M
409,Tomi,Faircliff,tfaircliffbc@t-online.de,F
410,Winthrop,Moatt,wmoattbd@reddit.com,M
411,Dulcia,Edy,dedybe@amazon.co.jp,F
412,Shaine,Well,swellbf@harvard.edu,M
413,Major,Nichols,mnicholsbg@privacy.gov.au,M
414,Johan,Jerrome,jjerromebh@wordpress.com,M
415,Idalina,Dongall,idongallbi@purevolume.com,F
416,Moss,Lewis,mlewisbj@gravatar.com,M
417,Byran,Ruddom,bruddombk@indiegogo.com,M
418,Matthiew,Saurat,msauratbl@nba.com,M
419,Rosina,O'Hara,roharabm@shinystat.com,F
420,Barr,Clynman,bclynmanbn@theguardian.com,M
421,Cheston,Dursley,cdursleybo@posterous.com,M
422,Thor,Stoppe,tstoppebp@zdnet.com,M
423,Judye,Cregan,jcreganbq@ca.gov,F
424,Shirley,Rois,sroisbr@noaa.gov,F
425,Carmon,Raycroft,craycroftbs@gov.uk,F
426,Freeman,Boddington,fboddingtonbt@imdb.com,M
427,Lay,Doerffer,ldoerfferbu@nydailynews.com,M
428,Elane,Besson,ebessonbv@live.com,F
429,Midge,Chaff,mchaffbw@i2i.jp,F
430,Ninette,Huyche,nhuychebx@parallels.com,F
431,Leyla,Punton,lpuntonby@unesco.org,F
432,Alfie,Jacquot,ajacquotbz@dyndns.org,M
433,Stanislaus,Knibley,sknibleyc0@guardian.co.uk,M
434,Valina,Dahlman,vdahlmanc1@slashdot.org,F
435,Gannie,Matschke,gmatschkec2@nyu.edu,M
436,Trisha,Banfill,tbanfillc3@example.com,F
437,Chane,Gobourn,cgobournc4@weebly.com,M
438,Alonzo,Lennard,alennardc5@cbslocal.com,M
439,Bess,Corbishley,bcorbishleyc6@plala.or.jp,F
440,Maribel,Oxenford,moxenfordc7@blogger.com,F
441,Ray,Arnout,rarnoutc8@zdnet.com,F
442,Anders,Skase,askasec9@nifty.com,M
443,Hugo,Gietz,hgietzca@noaa.gov,M
444,Mattias,Brimfield,mbrimfieldcb@tripod.com,M
445,Jayson,Peckham,jpeckhamcc@japanpost.jp,M
446,Kath,Camerello,kcamerellocd@gnu.org,F
447,Gabbie,Miguel,gmiguelce@joomla.org,F
448,Rik,Fox,rfoxcf@topsy.com,M
449,Allene,Blinman,ablinmancg@sbwire.com,F
450,Clemmy,Goforth,cgoforthch@cmu.edu,F
451,Caresse,Raise,craiseci@nytimes.com,F
452,Ginnifer,Dunley,gdunleycj@answers.com,F
453,Mandel,Woodfine,mwoodfineck@cbslocal.com,M
454,Hendrick,Sharram,hsharramcl@hud.gov,M
455,Esmaria,Lorroway,elorrowaycm@sciencedirect.com,F
456,Viviyan,Lilleyman,vlilleymancn@ca.gov,F
457,Alvan,McGilvray,amcgilvrayco@ted.com,M
458,Lindie,Clynmans,lclynmanscp@uol.com.br,F
459,Reina,Kintish,rkintishcq@noaa.gov,F
460,Ulick,Cribbins,ucribbinscr@godaddy.com,M
461,Tyson,Craise,tcraisecs@ft.com,M
462,Tiffany,Pledger,tpledgerct@pagesperso-orange.fr,F
463,Washington,Nussii,wnussiicu@usatoday.com,M
464,Lydia,Stittle,lstittlecv@multiply.com,F
465,Mela,Elbourn,melbourncw@mediafire.com,F
466,Caz,Kindall,ckindallcx@rambler.ru,M
467,Wenonah,Blood,wbloodcy@google.it,F
468,Kari,Simmell,ksimmellcz@xrea.com,F
469,Jocelin,Vinck,jvinckd0@whitehouse.gov,F
470,Linnell,Calf,lcalfd1@eepurl.com,F
471,Briny,Gibbonson,bgibbonsond2@usa.gov,F
472,Raimundo,MacClancey,rmacclanceyd3@msu.edu,M
473,Nicol,Prugel,nprugeld4@technorati.com,M
474,Farica,Skypp,fskyppd5@jigsy.com,F
475,Lia,Zambonini,lzamboninid6@soup.io,F
476,Grantley,Prozescky,gprozesckyd7@imdb.com,M
477,Putnam,Asee,paseed8@blinklist.com,M
478,Danni,McFarlane,dmcfarlaned9@blog.com,F
479,Boigie,Dominique,bdominiqueda@theatlantic.com,M
480,Cindie,Demangeot,cdemangeotdb@wsj.com,F
481,Danny,Vaughan-Hughes,dvaughanhughesdc@miitbeian.gov.cn,F
482,Cristobal,McCoid,cmccoiddd@newyorker.com,M
483,Chiarra,Passe,cpassede@spotify.com,F
484,Dori,Escala,descaladf@cam.ac.uk,F
485,Judi,Bromige,jbromigedg@mashable.com,F
486,Theadora,Habgood,thabgooddh@unesco.org,F
487,Fay,Masding,fmasdingdi@about.me,F
488,Annamarie,Benini,abeninidj@google.nl,F
489,Nye,Cowpertwait,ncowpertwaitdk@wordpress.com,M
490,Andi,Waghorn,awaghorndl@reverbnation.com,F
491,Bordie,Denzey,bdenzeydm@yolasite.com,M
492,Vanny,O'Heneghan,voheneghandn@dion.ne.jp,F
493,Dunn,Foresight,dforesightdo@amazon.co.uk,M
494,Wilone,Anstead,wansteaddp@reverbnation.com,F
495,Thatcher,Huonic,thuonicdq@google.ca,M
496,Susy,Elder,selderdr@microsoft.com,F
497,Raine,Simoneau,rsimoneauds@nhs.uk,F
498,Thain,Lokier,tlokierdt@dagondesign.com,M
499,Hillel,Grishmanov,hgrishmanovdu@ucla.edu,M
