4298567389,Ralina,Mushart,rmushart0@google.de,F
1118677293,Karyl,Purves,kpurves1@msu.edu,F
7579420562,Langston,Grzelewski,lgrzelewski2@nifty.com,M
1202254845,Zarah,Canham,zcanham3@behance.net,F
3474362860,Neala,Strettell,nstrettell4@naver.com,F
5881321308,Emlynne,Allsebrook,eallsebrook5@technorati.com,F
4750641057,Conchita,Sidsaff,csidsaff6@stumbleupon.com,F
7808594776,Betteann,Pirdy,bpirdy7@goo.gl,F
0687108632,Fredek,Balentyne,fbalentyne8@rakuten.co.jp,M
4661819713,Ian,Ciotti,iciotti9@mysql.com,M
6453645963,Nicolea,Mosconi,nmosconia@ning.com,F
2694111297,Lorrin,Feetham,lfeethamb@webeden.co.uk,F
1945762136,Francklin,Adamik,fadamikc@csmonitor.com,M
3986049681,Riordan,Habbin,rhabbind@kickstarter.com,M
1554894859,Mill,Riddick,mriddicke@npr.org,M
9538328043,Desmond,Bamlett,dbamlettf@canalblog.com,M
4135631584,Hobard,Van den Dael,hvandendaelg@wisc.edu,M
0363336915,Silvio,Reddle,sreddleh@huffingtonpost.com,M
2924497035,Constantine,Lepere,cleperei@topsy.com,M
6445664717,Winn,Vaissiere,wvaissierej@ehow.com,M
2745232649,Betsy,Woolard,bwoolardk@goo.ne.jp,F
2538387906,Harrie,Behan,hbehanl@posterous.com,F
6628463265,Sindee,Boutellier,sboutellierm@hp.com,F
0113312342,Marian,Cropton,mcroptonn@godaddy.com,F
0492366438,Kary,Sings,ksingso@fda.gov,F
9069336308,Osbourn,Klich,oklichp@who.int,M
4101804818,Ethelred,Twycross,etwycrossq@skyrock.com,M
7245342237,Karyn,Hancox,khancoxr@illinois.edu,F
3542637246,Dirk,O'Mara,domaras@livejournal.com,M
7877290675,Tuesday,Ronchetti,tronchettit@tinyurl.com,F
3760486754,Hedi,Pietroni,hpietroniu@studiopress.com,F
8982409394,Sharyl,Rowberry,srowberryv@joomla.org,F
5043098023,Lettie,Earwaker,learwakerw@blogs.com,F
8295959506,Merridie,Taffie,mtaffiex@nyu.edu,F
8588040247,Morganne,Puckey,mpuckeyy@bluehost.com,F
2545253405,Byram,Goldingay,bgoldingayz@instagram.com,M
2863441914,Jeniece,Stockbridge,jstockbridge10@sakura.ne.jp,F
0223749990,Merrile,Hryniewicki,mhryniewicki11@edublogs.org,F
9249664370,Charmion,Stansbury,cstansbury12@ihg.com,F
3940823732,Ezequiel,Sargerson,esargerson13@gmpg.org,M
0730726193,Josefa,Grabb,jgrabb14@craigslist.org,F
5500578189,Marylou,Sneath,msneath15@salon.com,F
2084146488,Kerby,Colley,kcolley16@cyberchimps.com,M
8583757909,Lia,Ratie,lratie17@whitehouse.gov,F
6736582571,Dianemarie,Briddock,dbriddock18@earthlink.net,F
8750356666,Elberta,De Carolis,edecarolis19@delicious.com,F
4935016043,Jerrie,Spanton,jspanton1a@google.it,F
1374964298,Yanaton,Birch,ybirch1b@shinystat.com,M
3906555569,Conney,Conklin,cconklin1c@newyorker.com,M
1496542614,Alvin,Mattin,amattin1d@bravesites.com,M
3699238733,Isadore,Dunridge,idunridge1e@xinhuanet.com,M
3170310879,Dal,Jewson,djewson1f@psu.edu,M
7645637463,Madge,Claypole,mclaypole1g@xinhuanet.com,F
6376727395,Lincoln,Bartell,lbartell1h@springer.com,M
0760687234,Trescha,Haig,thaig1i@tinyurl.com,F
6327469604,Fowler,Fine,ffine1j@howstuffworks.com,M
7955514750,Lurlene,Dodworth,ldodworth1k@sfgate.com,F
4073827278,Angeli,Billson,abillson1l@issuu.com,M
0681679794,Nannette,MacAlpyne,nmacalpyne1m@wufoo.com,F
6407056829,Trev,Juliano,tjuliano1n@tinyurl.com,M
7532158233,Helene,Studholme,hstudholme1o@vkontakte.ru,F
4968191103,Hershel,Sinott,hsinott1p@cpanel.net,M
4745975244,Adair,Girling,agirling1q@pbs.org,M
7203613372,Wallis,Laker,wlaker1r@yellowpages.com,M
1686284225,Whitney,Kildahl,wkildahl1s@slashdot.org,F
0956766374,Hinze,Matignon,hmatignon1t@pbs.org,M
5757397888,Payton,Neve,pneve1u@howstuffworks.com,M
3283744963,Rick,Loveless,rloveless1v@stumbleupon.com,M
2116981654,Rutherford,Daldan,rdaldan1w@symantec.com,M
2101826445,Tiffy,Gilling,tgilling1x@microsoft.com,F
7484690341,Bertha,Causbey,bcausbey1y@fema.gov,F
5762901564,Dene,Claasen,dclaasen1z@cbc.ca,M
8410329859,Patrizia,Conechie,pconechie20@mtv.com,F
7909167164,Madlin,Cleator,mcleator21@bigcartel.com,F
4283868728,Gilbertine,Keenlayside,gkeenlayside22@toplist.cz,F
1556593155,Correna,Swaddle,cswaddle23@dion.ne.jp,F
3765140600,Clem,Garr,cgarr24@moonfruit.com,M
0120501694,Sherry,Thackeray,sthackeray25@statcounter.com,F
5942714460,Lilas,Hassin,lhassin26@ocn.ne.jp,F
6051485813,Jo-ann,Pretsel,jpretsel27@weibo.com,F
5044030333,Calv,Davioud,cdavioud28@exblog.jp,M
4930652804,Josefa,Tinwell,jtinwell29@nymag.com,F
5558676345,Rip,Piatkow,rpiatkow2a@moonfruit.com,M
8346283857,Barnard,Causbey,bcausbey2b@indiegogo.com,M
1078149488,Annabelle,Dykes,adykes2c@google.com.hk,F
6910599810,Orv,Brasher,obrasher2d@usa.gov,M
4349089365,Carly,Burree,cburree2e@springer.com,M
6905185450,Gram,Thredder,gthredder2f@businessinsider.com,M
1191388484,Adora,Thyer,athyer2g@uol.com.br,F
5387485192,Annmaria,Chadburn,achadburn2h@usatoday.com,F
2003493212,Gayla,Brady,gbrady2i@yelp.com,F
7035870067,Conni,Breeze,cbreeze2j@nih.gov,F
6630277716,Yelena,Kabsch,ykabsch2k@parallels.com,F
7351564868,Jervis,Findlay,jfindlay2l@usgs.gov,M
5537628201,Kiley,Cadamy,kcadamy2m@myspace.com,M
6856749740,Ursola,Larive,ularive2n@drupal.org,F
5014043186,Linzy,Luckhurst,lluckhurst2o@hostgator.com,F
2320701583,Nicoline,Frobisher,nfrobisher2p@cocolog-nifty.com,F
4802472919,Berk,Battyll,bbattyll2q@discovery.com,M
4299963202,Paddie,Richens,prichens2r@sciencedirect.com,M
5637706743,Mel,Belvin,mbelvin2s@printfriendly.com,F
5676564601,Giacomo,Trowbridge,gtrowbridge2t@telegraph.co.uk,M
7076586002,Tynan,Celier,tcelier2u@nature.com,M
9124741205,Roxanna,Lortz,rlortz2v@mail.ru,F
2531144145,Arlen,Genese,agenese2w@twitter.com,M
6293900901,Amargo,Grishukhin,agrishukhin2x@abc.net.au,F
6016821101,Shannan,Ludye,sludye2y@irs.gov,M
2321589310,Felipe,Kennington,fkennington2z@webs.com,M
4814131348,Haslett,Buckland,hbuckland30@howstuffworks.com,M
8277114990,Skipper,Corradini,scorradini31@ehow.com,M
2630456439,Alvie,Mayou,amayou32@alexa.com,M
9939423330,Jose,Hegerty,jhegerty33@usa.gov,M
2606953509,Alana,Beggan,abeggan34@usnews.com,F
1604666404,Hilario,Challin,hchallin35@icq.com,M
8087215559,Homer,Marden,hmarden36@google.es,M
1980526478,Stephana,Pateman,spateman37@symantec.com,F
1783083166,Dannel,Plows,dplows38@tripadvisor.com,M
0135529093,Felike,Fairholme,ffairholme39@desdev.cn,M
6950399375,Tansy,Marian,tmarian3a@blogs.com,F
4501738316,Nickie,Devine,ndevine3b@mozilla.com,F
4420479213,Kaitlyn,Stagg,kstagg3c@xrea.com,F
7848453472,Marin,Shear,mshear3d@nationalgeographic.com,F
1981094547,Javier,Kaysor,jkaysor3e@amazon.co.jp,M
3308486571,Melisa,Gummow,mgummow3f@squarespace.com,F
2702174752,Bree,Mayler,bmayler3g@tamu.edu,F
9744784113,Randi,Pasby,rpasby3h@domainmarket.com,F
7875496101,Krystle,Lacey,klacey3i@uol.com.br,F
4757904185,Chev,Sidey,csidey3j@issuu.com,M
2639298097,Randal,Lescop,rlescop3k@gnu.org,M
2081290952,Mickie,Grasner,mgrasner3l@wp.com,F
6914032785,Nicko,MacCarrane,nmaccarrane3m@wordpress.com,M
3091370925,Issie,MacAirt,imacairt3n@springer.com,F
1246976633,Feodor,Mintram,fmintram3o@cisco.com,M
6747171454,Lilas,Whawell,lwhawell3p@cbc.ca,F
8333794025,Verina,Wrench,vwrench3q@arstechnica.com,F
5472609674,Clarabelle,Juris,cjuris3r@ibm.com,F
0381175405,Clare,Le Pine,clepine3s@nsw.gov.au,M
0911660968,Casey,Sebright,csebright3t@adobe.com,F
8059952315,Corbie,Whatling,cwhatling3u@oaic.gov.au,M
8957254978,Barton,Phayre,bphayre3v@economist.com,M
2168829071,Jose,Proschke,jproschke3w@seesaa.net,M
1305338553,Inglebert,Pervoe,ipervoe3x@icio.us,M
5531345879,Chelsea,Carvil,ccarvil3y@biblegateway.com,F
0134262514,Che,Tibalt,ctibalt3z@macromedia.com,M
2330224710,Pierre,Gibbings,pgibbings40@java.com,M
3300705576,Susannah,Everist,severist41@mtv.com,F
3358802620,Chryste,Madre,cmadre42@engadget.com,F
3503756094,Aggie,Huzzay,ahuzzay43@icq.com,F
2705868941,Jenelle,Gethouse,jgethouse44@artisteer.com,F
2710706342,Arney,Glasspoole,aglasspoole45@com.com,M
4436557596,Maxwell,Manlow,mmanlow46@mapquest.com,M
7982689345,Katharina,Brewse,kbrewse47@cpanel.net,F
5084820653,Rowland,MacLachlan,rmaclachlan48@twitter.com,M
3213045322,Eleonore,Chainey,echainey49@bloglines.com,F
3804647545,Saunders,Kaasman,skaasman4a@google.fr,M
7847050498,Petronia,Benduhn,pbenduhn4b@hexun.com,F
9521523859,Nicole,Pittle,npittle4c@chronoengine.com,F
4376631329,Garold,Gilbart,ggilbart4d@nbcnews.com,M
5404077115,Jermaine,Vedmore,jvedmore4e@mit.edu,F
7586750858,Julianne,Bascombe,jbascombe4f@exblog.jp,F
3220218520,Obediah,Petras,opetras4g@unblog.fr,M
3718094991,Ferdinande,Garret,fgarret4h@nba.com,F
7607254854,Horten,Timberlake,htimberlake4i@tripadvisor.com,M
4909363130,Fidelity,Glennard,fglennard4j@scientificamerican.com,F
5896921608,Cassy,Fazackerley,cfazackerley4k@ameblo.jp,F
5445355683,Georas,Vasovic,gvasovic4l@example.com,M
3141729441,Mace,Scoone,mscoone4m@spiegel.de,M
1377278123,Tomas,Terbeck,tterbeck4n@va.gov,M
2372878808,Maddi,Simes,msimes4o@nytimes.com,F
8670600064,Maybelle,Shrimpton,mshrimpton4p@indiegogo.com,F
8057770600,Katharine,Ubee,kubee4q@sourceforge.net,F
2049740786,Collen,Earle,cearle4r@blinklist.com,F
5446731670,Mayne,Hentzeler,mhentzeler4s@vinaora.com,M
4140659459,Zena,Krol,zkrol4t@1688.com,F
1988023092,Sumner,Dungate,sdungate4u@cdc.gov,M
8659510690,Latashia,Plaskitt,lplaskitt4v@imageshack.us,F
0567953033,Glenn,Beadman,gbeadman4w@eventbrite.com,M
9390580706,Vanda,Blitz,vblitz4x@domainmarket.com,F
9697887934,Dru,Bilham,dbilham4y@etsy.com,F
4556632455,Drona,Swaby,dswaby4z@narod.ru,F
0869674617,Benedetto,Chritchley,bchritchley50@blogs.com,M
7492816081,Morty,Symson,msymson51@hud.gov,M
2845980698,Philip,Rathbourne,prathbourne52@sina.com.cn,M
0891197427,Willi,Beagrie,wbeagrie53@fc2.com,M
5238956142,Neda,Lauritzen,nlauritzen54@jiathis.com,F
8308022138,Mikkel,Cristoforo,mcristoforo55@edublogs.org,M
8404597537,Cordelia,Crotty,ccrotty56@opera.com,F
0575459662,Georgianna,Wehnerr,gwehnerr57@oakley.com,F
6913331185,Reginauld,Bloschke,rbloschke58@woothemes.com,M
3887089367,Meyer,Nickless,mnickless59@bing.com,M
9331672861,Florance,Whenham,fwhenham5a@psu.edu,F
7282185492,Des,Shurrocks,dshurrocks5b@theguardian.com,M
1488096392,Giacomo,Gorthy,ggorthy5c@wikipedia.org,M
1070056316,Dolly,Aleksankov,daleksankov5d@globo.com,F
3219765068,Evered,Stolworthy,estolworthy5e@list-manage.com,M
8398864982,Kelly,Ishak,kishak5f@forbes.com,M
1831944138,Anatola,McDaid,amcdaid5g@oracle.com,F
5581605033,Dell,Belham,dbelham5h@princeton.edu,M
8706753043,Roshelle,Fransseni,rfransseni5i@wikimedia.org,F
0458374768,Gabriel,Collett,gcollett5j@columbia.edu,F
